"AC","price","datail"
"","","1-24 of 57 resultsSort by:BestsellingPrice: Low to HighPrice: High to LowAvg. Customer ReviewNewest ArrivalsSort by:BestsellingGo"
"","44,490",""
"","","Panasonic 1.5 Ton 5 Star Wi-Fi Inverter Smart Split AC (Copper Condenser, 7 in 1 Convertible with additional AI Mode, 4 Way Swing, PM 0.1 Air Purification Filter, CS/CU-NU18YKY5W,2023 Model, White)"
"","33,990","Panasonic 1.5 Ton 5 Star Wi-Fi Inverter Smart Split AC (Copper Condenser, 7 in 1 Convertible with additional AI Mode, 4 Way Swing, PM 0.1 Air Purification Filter, CS/CU-NU18YKY5W,2023 Model, White)"
"","","?44,490?44,490M.R.P: ?63,400?63,400"
"","27,490","44,490"
"","",""
"","45,490","Carrier 1.5 Ton 3 Star AI Flexicool Inverter Split AC (Copper, Convertible 4-in-1 Cooling,High Density Filter, Auto Cleanser, 2023 Model,ESTER Exi - CAI18ER3R32F0,White)"
"","","Carrier 1.5 Ton 3 Star AI Flexicool Inverter Split AC (Copper, Convertible 4-in-1 Cooling,High Density Filter, Auto Cleanser, 2023 Model,ESTER Exi - CAI18ER3R32F0,White)"
"","33,999","?33,990?33,990M.R.P: ?67,790?67,790"
"","","33,990"
"","41,999",""
"","","Voltas 1.5 Ton 3 Star, Fixed Speed Window AC (Copper, Turbo Mode, 2023 Model, 183 Vectra Pearl, White)"
"","32,990","Voltas 1.5 Ton 3 Star, Fixed Speed Window AC (Copper, Turbo Mode, 2023 Model, 183 Vectra Pearl, White)"
"","","?27,490?27,490M.R.P: ?46,990?46,990"
"","40,490","27,490"
"","",""
"","35,490","Daikin 1.5 Ton 5 Star Inverter Split AC (Copper, PM 2.5 Filter, 2022 Model, MTKM50U, White)"
"","","Daikin 1.5 Ton 5 Star Inverter Split AC (Copper, PM 2.5 Filter, 2022 Model, MTKM50U, White)"
"","31,990","?45,490?45,490M.R.P: ?67,200?67,200"
"","","45,490"
"","",""
"","32,490","Samsung 1.5 Ton 3 Star Wind-Free Technology Inverter Split AC (Copper, Convertible 5-in-1 Cooling Mode, Anti-bacterial Filter, 2023 Model AR18CYLAMWK White)"
"","","Samsung 1.5 Ton 3 Star Wind-Free Technology Inverter Split AC (Copper, Convertible 5-in-1 Cooling Mode, Anti-bacterial Filter, 2023 Model AR18CYLAMWK White)"
,"38,999","?33,999?33,999M.R.P: ?61,990?61,990"
,"","33,999"
,"42,499",""
,"","Carrier 1.5 Ton 5 Star AI Flexicool Inverter Split AC (Copper, Convertible 6-in-1 Cooling,Dual Filtration with HD & PM 2.5 Filter, Auto Cleanser, 2023 Model,ESTER Exi -CAI18ES5R33F0 ,White)"
,"30,990","Carrier 1.5 Ton 5 Star AI Flexicool Inverter Split AC (Copper, Convertible 6-in-1 Cooling,Dual Filtration with HD & PM 2.5 Filter, Auto Cleanser, 2023 Model,ESTER Exi -CAI18ES5R33F0 ,White)"
,"","?41,999?41,999M.R.P: ?76,090?76,090"
,"39,930","41,999"
,"",""
,"32,490","Blue Star 1.2 Ton 3 Star 5 in 1 Convertible Inverter Split AC (Copper, Smart Ready, Auto Defrost, Multi Sensors, Stabalizer Free Operations, 2023 Model, IA315YNU, White)"
,"","Blue Star 1.2 Ton 3 Star 5 in 1 Convertible Inverter Split AC (Copper, Smart Ready, Auto Defrost, Multi Sensors, Stabalizer Free Operations, 2023 Model, IA315YNU, White)"
,"38,990","?32,990?32,990M.R.P: ?57,500?57,500"
,"","32,990"
,"33,490",""
,"","LG 1.5 Ton 4 Star AI DUAL Inverter Split AC (Copper, Super Convertible 6-in-1 Cooling, HD Filter with Anti-Virus Protection, 2023 Model, RS-Q19ENYE1, White)"
,"29,000","LG 1.5 Ton 4 Star AI DUAL Inverter Split AC (Copper, Super Convertible 6-in-1 Cooling, HD Filter with Anti-Virus Protection, 2023 Model, RS-Q19ENYE1, White)"
,"","?40,490?40,490M.R.P: ?71,990?71,990"
,"45,499","40,490"
,"",""
,"29,690","Samsung 1.5 Ton 3 Star Inverter Split AC (Copper, Convertible 5-in-1 Cooling Mode, Easy Filter Plus (Anti-Bacteria), 2023 Model AR18CYLZABE White)"
,"","Samsung 1.5 Ton 3 Star Inverter Split AC (Copper, Convertible 5-in-1 Cooling Mode, Easy Filter Plus (Anti-Bacteria), 2023 Model AR18CYLZABE White)"
,"","?35,490?35,490M.R.P: ?60,990?60,990"
,"29,990","35,490"
,,""
,,"Carrier 1 Ton 3 Star AI Flexicool Inverter Split AC (Copper, Convertible 4-in-1 Cooling,Dual Filtration with HD & PM 2.5 Filter, Auto Cleanser, 2023 Model,ESTER Exi - CAI12ER3R33F0,White)"
,,"Carrier 1 Ton 3 Star AI Flexicool Inverter Split AC (Copper, Convertible 4-in-1 Cooling,Dual Filtration with HD & PM 2.5 Filter, Auto Cleanser, 2023 Model,ESTER Exi - CAI12ER3R33F0,White)"
,,"?31,990?31,990M.R.P: ?56,990?56,990"
,,"31,990"
,,""
,,"Daikin 0.8 Ton 3 Star, Fixed Speed Split AC (Copper, PM 2.5 Filter, 2022 Model, FTL28U, White)"
,,"Daikin 0.8 Ton 3 Star, Fixed Speed Split AC (Copper, PM 2.5 Filter, 2022 Model, FTL28U, White)"
,,""
,,"LG 1.5 Ton 2 Star DUAL Inverter Split AC (Copper, Convertible 4-in-1 Cooling, HD Filter with Anti-virus Protection, 2023 Model, RS-Q18ZNVE, White)"
,,"LG 1.5 Ton 2 Star DUAL Inverter Split AC (Copper, Convertible 4-in-1 Cooling, HD Filter with Anti-virus Protection, 2023 Model, RS-Q18ZNVE, White)"
,,"?32,490?32,490M.R.P: ?62,990?62,990"
,,"32,490"
,,""
,,"Voltas 1.5 Ton 5 Star, Inverter Split AC(Copper, 4-in-1 Adjustable Mode, Anti-dust Filter, 2023 Model, 185V Vectra Elegant,White)"
,,"Voltas 1.5 Ton 5 Star, Inverter Split AC(Copper, 4-in-1 Adjustable Mode, Anti-dust Filter, 2023 Model, 185V Vectra Elegant,White)"
,,"?38,999?38,999M.R.P: ?75,990?75,990"
,,"38,999"
,,""
,,"Samsung 1.5 Ton 5 Star Inverter Split AC (Copper, Convertible 5-in-1 Cooling Mode, Anti-Bacteria, 2023 Model AR18CYNZABE White)"
,,"Samsung 1.5 Ton 5 Star Inverter Split AC (Copper, Convertible 5-in-1 Cooling Mode, Anti-Bacteria, 2023 Model AR18CYNZABE White)"
,,"?42,499?42,499M.R.P: ?72,990?72,990"
,,"42,499"
,,""
,,"LG 0.8 Ton 3 Star AI DUAL Inverter Split AC (Copper, Super Convertible 6-in-1 Cooling, HD Filter with Anti Virus protection, 2023 Model, RS-Q10ENXE, White)"
,,"LG 0.8 Ton 3 Star AI DUAL Inverter Split AC (Copper, Super Convertible 6-in-1 Cooling, HD Filter with Anti Virus protection, 2023 Model, RS-Q10ENXE, White)"
,,"?30,990?30,990M.R.P: ?57,990?57,990"
,,"30,990"
,,""
,,"LG 1.5 Ton 5 Star DUAL Inverter Window AC (Copper, Convertible 4-in-1 cooling, RW-Q18WUZA, 2023 Model, HD Filter with Anti-Virus Protection, White)"
,,"LG 1.5 Ton 5 Star DUAL Inverter Window AC (Copper, Convertible 4-in-1 cooling, RW-Q18WUZA, 2023 Model, HD Filter with Anti-Virus Protection, White)"
,,"?39,930?39,930M.R.P: ?65,990?65,990"
,,"39,930"
,,""
,,"Voltas 1.5 Ton 3 Star, Inverter Split AC(Copper, 4-in-1 Adjustable Mode, Anti-dust Filter, 2023 Model, 183V Vectra Pride, White)"
,,"Voltas 1.5 Ton 3 Star, Inverter Split AC(Copper, 4-in-1 Adjustable Mode, Anti-dust Filter, 2023 Model, 183V Vectra Pride, White)"
,,"?32,490?32,490M.R.P: ?62,990?62,990"
,,"32,490"
,,""
,,"Daikin 1 Ton 5 Star Inverter Split AC (Copper, PM 2.5 Filter, 2022 Model, MTKM35U, White)"
,,"Daikin 1 Ton 5 Star Inverter Split AC (Copper, PM 2.5 Filter, 2022 Model, MTKM35U, White)"
,,"?38,990?38,990M.R.P: ?55,500?55,500"
,,"38,990"
,,""
,,"Godrej 1 Ton 5 Star, 5-In-1 Convertible Cooling, Inverter Split AC (Copper, I-Sense Technology, 2023 Model, AC 1T EI 12TINV5R32-GWA Split / AC 1T EI 12TINV5R32-RWB Split, White)"
,,"Godrej 1 Ton 5 Star, 5-In-1 Convertible Cooling, Inverter Split AC (Copper, I-Sense Technology, 2023 Model, AC 1T EI 12TINV5R32-GWA Split / AC 1T EI 12TINV5R32-RWB Split, White)"
,,"?33,490?33,490M.R.P: ?49,900?49,900"
,,"33,490"
,,""
,,"Voltas 1 Ton 3 Star, Inverter Split AC(Copper, 4-in-1 Adjustable Mode, Anti-dust Filter, 2023 Model, 123V Vectra Elegant, White)"
,,"Voltas 1 Ton 3 Star, Inverter Split AC(Copper, 4-in-1 Adjustable Mode, Anti-dust Filter, 2023 Model, 123V Vectra Elegant, White)"
,,"?29,000?29,000M.R.P: ?56,990?56,990"
,,"29,000"
,,""
,,"Samsung 1.5 Ton 5 Star Wind-Free Technology Inverter Split AC (Copper, Convertible 5-in-1 Cooling Mode, Anti-bacterial Filter, 2023 Model AR18CYNAMWK White)"
,,"Samsung 1.5 Ton 5 Star Wind-Free Technology Inverter Split AC (Copper, Convertible 5-in-1 Cooling Mode, Anti-bacterial Filter, 2023 Model AR18CYNAMWK White)"
,,"?45,499?45,499M.R.P: ?73,990?73,990"
,,"45,499"
,,""
,,"Lloyd 1.5 Ton 4 Star Fixed Speed Window AC (Copper, 2023 Model, White with Golden Deco Strip, GLW18C4YWGEW)"
,,"Lloyd 1.5 Ton 4 Star Fixed Speed Window AC (Copper, 2023 Model, White with Golden Deco Strip, GLW18C4YWGEW)"
,,"?29,690?29,690M.R.P: ?50,990?50,990"
,,"29,690"
,,""
,,"Carrier 2 Ton 5 Star AI Flexicool Inverter Split AC (Copper, Convertible 6-in-1 Cooling,Dual Filtration with HD & PM 2.5 Filter, Auto Cleanser, 2023 Model,ESTER Exi -CAI24ES5R33F0 ,White)"
,,"Carrier 2 Ton 5 Star AI Flexicool Inverter Split AC (Copper, Convertible 6-in-1 Cooling,Dual Filtration with HD & PM 2.5 Filter, Auto Cleanser, 2023 Model,ESTER Exi -CAI24ES5R33F0 ,White)"
,,""
,,"Carrier 1.5 Ton 3 Star Fixed Speed Window AC( Copper,High Density Filter for Dust Filtration, 2Way Air Directional Control, 2023 Model,Estra DX -CAW18SC3R32F0,White)"
,,"Carrier 1.5 Ton 3 Star Fixed Speed Window AC( Copper,High Density Filter for Dust Filtration, 2Way Air Directional Control, 2023 Model,Estra DX -CAW18SC3R32F0,White)"
,,"?29,990?29,990M.R.P: ?45,090?45,090"
,,"29,990"
